"Slug","Title","Content"
"Afghanistan ","Afghanistan ",""
"Albania ","Albania ",""
"Algeria ","Algeria ",""
"Andorra ","Andorra ",""
"Angola ","Angola ",""
"Antigua and Barbuda ","Antigua and Barbuda ",""
"Argentina ","Argentina ",""
"Armenia ","Armenia ",""
"Australia ","Australia ",""
"Austria ","Austria ",""
"Azerbaijan ","Azerbaijan ",""
"Bahamas ","Bahamas ",""
"Bahrain ","Bahrain ",""
"Bangladesh ","Bangladesh ",""
"Barbados ","Barbados ",""
"Belarus ","Belarus ",""
"Belgium ","Belgium ",""
"Belize ","Belize ",""
"Benin ","Benin ",""
"Bhutan ","Bhutan ",""
"Bolivia ","Bolivia ",""
"Bosnia and Herzegovina ","Bosnia and Herzegovina ",""
"Botswana ","Botswana ",""
"Brazil ","Brazil ",""
"Brunei","Brunei",""
"Bulgaria ","Bulgaria ",""
"Burkina Faso ","Burkina Faso ",""
"Burundi ","Burundi ",""
"Côte d'Ivoire ","Côte d'Ivoire ",""
"Cabo Verde ","Cabo Verde ",""
"Cambodia ","Cambodia ",""
"Cameroon ","Cameroon ",""
"Canada ","Canada ",""
"Central African Republic ","Central African Republic ",""
"Chad ","Chad ",""
"Chile ","Chile ",""
"Country ","Country ",""
"China ","China ",""
"Colombia ","Colombia ",""
"Comoros ","Comoros ",""
"Congo (Congo-Brazzaville) ","Congo (Congo-Brazzaville) ",""
"Costa Rica ","Costa Rica ",""
"Croatia ","Croatia ",""
"Cuba ","Cuba ",""
"Cyprus ","Cyprus ",""
"Czechia (Czech Republic) ","Czechia (Czech Republic) ",""
"Democratic Republic of the Congo ","Democratic Republic of the Congo ",""
"Denmark ","Denmark ",""
"Djibouti ","Djibouti ",""
"Dominica ","Dominica ",""
"Dominican Republic ","Dominican Republic ",""
"Ecuador ","Ecuador ",""
"Egypt ","Egypt ",""
"El Salvador ","El Salvador ",""
"Equatorial Guinea ","Equatorial Guinea ",""
"Eritrea ","Eritrea ",""
"Estonia ","Estonia ",""
"Eswatini (fmr. ""Swaziland"") ","Eswatini (fmr. ""Swaziland"") ",""
"Ethiopia ","Ethiopia ",""
"Fiji ","Fiji ",""
"Finland ","Finland ",""
"France ","France ",""
"Gabon ","Gabon ",""
"Gambia ","Gambia ",""
"Georgia ","Georgia ",""
"Germany ","Germany ",""
"Ghana ","Ghana ",""
"Greece ","Greece ",""
"Grenada ","Grenada ",""
"Guatemala ","Guatemala ",""
"Guinea ","Guinea ",""
"Guinea-Bissau ","Guinea-Bissau ",""
"Guyana ","Guyana ",""
"Haiti ","Haiti ",""
"Holy See ","Holy See ",""
"Honduras ","Honduras ",""
"Hungary ","Hungary ",""
"Iceland ","Iceland ",""
"India ","India ",""
"Indonesia ","Indonesia ",""
"Iran ","Iran ",""
"Iraq ","Iraq ",""
"Ireland ","Ireland ",""
"Israel ","Israel ",""
"Italy ","Italy ",""
"Jamaica ","Jamaica ",""
"Japan ","Japan ",""
"Jordan ","Jordan ",""
"Kazakhstan ","Kazakhstan ",""
"Kenya ","Kenya ",""
"Kiribati ","Kiribati ",""
"Kuwait ","Kuwait ",""
"Kyrgyzstan ","Kyrgyzstan ",""
"Laos ","Laos ",""
"Latvia ","Latvia ",""
"Lebanon ","Lebanon ",""
"Lesotho ","Lesotho ",""
"Liberia ","Liberia ",""
"Libya ","Libya ",""
"Liechtenstein ","Liechtenstein ",""